{  
  "I18N.LANGUAGE": "Français",
  "I18N.MAINTAINERS": ["Dreygon, Rwanoux, Baktov, DamonReborn(Naoki)"],

  "Activate": "Activer",
  "Author": "Auteur",
  "Cancel": "Annuler",
  "Character": "Personnage",
  "Configure": "Configurer",
  "Degrees": "Degrés",
  "Default": "Par défaut",
  "Delete": "Supprimer",
  "Documentation": "Documentations",
  "Duplicate": "Dupliquer",
  "GridUnits": "Unités de la grille",
  "Install": "Installation",
  "Elevation": "Élévation",
  "Foundry Virtual Tabletop": "Foundry Virtual Tabletop",
  "File Path": "Emplacement du Fichier",
  "Height": "Taille",
  "Hidden": "Caché,",
  "Name": " Nom",
  "No": "Non",
  "Notes": "Notes",
  "Preload": "Précharger",
  "Token": "Token",
  "Path": "Chemin",
  "Packs": "Packs",
  "Permissions": "Permissions",
  "Pixels": "Pixels",
  "Ratio": "Ratio",
  "Rotation": "Rotation",
  "SaveChanges": "Sauvegarder les changements",
  "Scale": "Échelle",
  "Sheet": "Fiche",
  "System": "System",
  "Type": "Type",
  "Uninstall": "Désinstaller",
  "Update": "Mettre à jour",
  "URL": "URL",
  "Width": "Épaisseur",
  "XCoord": "Coordonnée-X",
  "YCoord": "Coordonnée-Y",
  "Yes": "Oui",

  "ACTOR.Title": "Dossier des personnages",
  "ACTOR.Create": "Créer un personnage",
  "ACTOR.Search": "Chercher un personnage",
  
  "CHAT.Clear": "Nettoyer la conversation",
  "CHAT.Export": "Exporter la conversation",
  "CHAT.FlushTitle": "Nettoyer l'Historique de conversations",
  "CHAT.FlushWarning": "<h3>Confirmer ?</h3><p>L'intégralité des messages contenus dans l'Historique seront supprimés.</p>",
  "CHAT.Title": "Conversation",
  "CHAT.To": "A",
  "CHAT.RollBlind": "Cacher les lancer de dé du MJ",
  "CHAT.RollDefault": "Mode de lancer de dés par défaut",
  "CHAT.RollPublic": "Jet publique (visible par tout le monde)",
  "CHAT.RollPrivate": "Jet caché (visible que du MJ)",  
  "CHAT.RollTables": "Tables Aléatoires",

  "COMBAT.Begin": "Début du Combat",
  "COMBAT.Create": "Création d'une rencontre",
  "COMBAT.Delete": "Effacer la rencontre",
  "COMBAT.Encounter": "Rencontre",
  "COMBAT.EncounterPrevious": "Activre La rencontre précédente",
  "COMBAT.EncounterNext": "Activate Next Encounter",
  "COMBAT.End": "Combat terminé",
  "COMBAT.InitiativeRoll": "Lancement de l'Initiative",
  "COMBAT.InitiativeReset": "Remise à zéro de l'Initiative",
  "COMBAT.None": "Aucune rencontre active",
  "COMBAT.NotStarted": "Combat non démarré",
  "COMBAT.Resource": "Suivre la ressource",
  "COMBAT.ResourceHint": "Choisir un attribut à suibre pour chaque combattant.",
  "COMBAT.Round": "Round de Combat",
  "COMBAT.RoundPrev": "Round précédent",
  "COMBAT.RoundNext": "Prochain Round",
  "COMBAT.RollNPC": "Lancer pour tout les PNJ",
  "COMBAT.RollAll": "Lancer pour tous",
  "COMBAT.Settings": "Paramètre du Suivi de combat",
  "COMBAT.SettingsSave": "Sauver les paramètres de suivi",
  "COMBAT.SkipDefeated": "Ignorer les Hors combats ?",
  "COMBAT.SkipDefeatedHint": "Ignorer automatiquement les combatants marqué battu (hors combat) ?",
  "COMBAT.ToggleVis": "Définir la visibilité",
  "COMBAT.ToggleDead": "Marqué Hors combat",
  "COMBAT.TurnEnd": "Fin du Tour",
  "COMBAT.TurnNext": "Prochain Tour",
  "COMBAT.TurnPrev": "Tour Précédent",

  "COMPENDIUM.Name": "Nom du Compendium",
  "COMPENDIUM.Create": "Créer un Compendium",
  "COMPENDIUM.CreateHint": "Créer un nouveau compendium pour le monde courant.",
  "COMPENDIUM.Delete": "Effacer le Compendium",
  "COMPENDIUM.Type": "Type d'entité",
  "COMPENDIUM.TypeHint": "Chaque compendium ne porte qu'un type spécifique d'entité.",
  "COMPENDIUM.MarkPublic": "Rendre Public",
  "COMPENDIUM.MarkPrivate": "Rendre Privé",
  
  "CONTROLS.GroupBasic": "Contrôles de Base",
  "CONTROLS.BasicSelect": "Sélectionner le Token",
  "CONTROLS.BasicMeasure": "Mesurer une Distance",
  "CONTROLS.GroupMeasure": "Outils de Mesures",
  "CONTROLS.MeasureCircle": "Circulaire",
  "CONTROLS.MeasureCone": "Cônique",
  "CONTROLS.MeasureRect": "Rectangulaire",
  "CONTROLS.MeasureRay": "Linaire",
  "CONTROLS.MeasureClear": "Effacer les Mesures",
  "CONTROLS.GroupTile": "Outils de Tuiles",
  "CONTROLS.TileSelect": "Sélection de Tuiles",
  "CONTROLS.TilePlace": "Poser une Tuile",
  "CONTROLS.GroupDrawing": "Outils de Dessins",
  "CONTROLS.DrawingSelect": "Sélection de Dessins",
  "CONTROLS.DrawingRect": "Rectangle",
  "CONTROLS.DrawingEllipse": "Ellipse",
  "CONTROLS.DrawingPoly": "Polygône",
  "CONTROLS.DrawingFree": "Main-Levée",
  "CONTROLS.DrawingText": "Texte",
  "CONTROLS.DrawingClear": "Effacer les Dessins",
  "CONTROLS.DrawingConfig": "Configurer l'Outil de Dessins",
  "CONTROLS.GroupWall": "Outils de Murs",
  "CONTROLS.WallDraw": "Murs Simple",
  "CONTROLS.WallInvisible": "Murs Invisibles",
  "CONTROLS.WallTerrain": "Murs de Terrains",
  "CONTROLS.WallEthereal": "Murs Éthérés",
  "CONTROLS.WallDoors": "Portes",
  "CONTROLS.WallSecret": "Portes Secrètes",
  "CONTROLS.WallClone": "Cloner Murs",
  "CONTROLS.WallClear": "Effacer les Murs",
  "CONTROLS.GroupLighting": "Outils de Lumières",
  "CONTROLS.LightDraw": "Dessiner Sources de Lumières",
  "CONTROLS.LightClear": "Effacer les Lumières",
  "CONTROLS.LightReset": "Réinitialiser le Brouillard de Guerre",
  "CONTROLS.FOWResetTitle": "Réinitialiser le Brouillard de Guerre Exploré ?",
  "CONTROLS.FOWResetDesc": "Cela va réinitialiser les brouillard de guerre de cette scène pour tout les Joueurs.",
  "CONTROLS.GroupSound": "Outils de Son d'Ambiances",
  "CONTROLS.SoundDraw": "Son",
  "CONTROLS.SoundClear": "Effacer les Son",
  "CONTROLS.GroupNotes": "Journal Notes",
  "CONTROLS.NoteSelect": "Select Notes",
  "CONTROLS.NoteToggle": "Activer l'Affichage des Notes",
  "CONTROLS.NoteClear": "Supprimer les Notes",
  "CONTROLS.HeaderObjects": "Outils des Objets",
  "CONTROLS.HeaderCanvas": "Raccourcis des objets Canvas",
  "CONTROLS.HeaderGame": "Raccourcis généraux",
  "CONTROLS.HeaderToken": "Raccourcis des Tokens",
  "CONTROLS.HeaderWalls": "Raccourcis des murs (GM)",
  "CONTROLS.GameMenu": "Ouvrir le menu",
  "CONTROLS.GameClose": "Fermer la fenêtre ouverte",
  "CONTROLS.GamePause": "Mettre la partie en pause (GM)",
  "CONTROLS.CanvasCancel": "Annuler le déplacement en attente",
  "CONTROLS.CanvasConfigure": "Configurer les objets Canvas(GM)",
  "CONTROLS.CanvasCopy": "Copier les élements Canvas (GM)",
  "CONTROLS.CanvasDelete": "Supprimer les élements sélectionnés (GM)",
  "CONTROLS.CanvasMeasure": "Mesurer les distances avec la rêgle",
  "CONTROLS.CanvasWaypoint": "Placer des points de cheminement",
  "CONTROLS.CanvasMove": "Déplacer un objet",
  "CONTROLS.CanvasNoSnap": "Ignorer l'attraction de la grille",
  "CONTROLS.CanvasPan": "Pan Canvas",
  "CONTROLS.CanvasPaste": "Coller un élement Canvas (GM)",
  "CONTROLS.CanvasReset": "Réinitialiser la Vue",
  "CONTROLS.CanvasUndo": "Annuler la dernière opération du Canvas",
  "CONTROLS.CanvasZoom": "Zoom Canvas",
  "CONTROLS.LeftClick": "Clic gauche",
  "CONTROLS.LeftClick2": "Double clic gauche",
  "CONTROLS.LeftDrag": "Clic gauche enfoncé et glisser",
  "CONTROLS.RightDrag": "Clic droit enfoncé et glisser",
  "CONTROLS.MouseWheel": "Molette de la Souris",
  "CONTROLS.DragDrop": "Glisser-déposer",
  "CONTROLS.Instructions": "Cette fenêtre décrit les raccourcis communs au clavier et à la souris utiliser dans divers aspects de Foundry Virtual Tabletop.",
  "CONTROLS.RightClick": "Clic droit",
  "CONTROLS.Title": "Référence des raccourcis en jeu",
  "CONTROLS.TokenCycle": "Cycle de Tokens Contrôlable",
  "CONTROLS.TokenFace": "Tourner le Token vers une direction",
  "CONTROLS.TokenHUD": "HUD du Token",
  "CONTROLS.TokenHighlight": "Mettre les Tokens en surbrillance",
  "CONTROLS.TokenPlace": "Placer un Token",
  "CONTROLS.TokenPlaceHidden": "Placer un token caché (GM)",
  "CONTROLS.TokenKeyMove": "Mouvement au clavier",
  "CONTROLS.TokenDiagMove": "Mouvement diagonal",
  "CONTROLS.TokenMoveMeasure": "Se déplacer le long de la trajectoire mesurée",
  "CONTROLS.TokenRotateFast": "Rotation du Token (Rapide)",
  "CONTROLS.TokenRotateSlow": "Rotation du Token (Lente)",
  "CONTROLS.TokenSet": "Modifier l'ensemble de contrôle du Token",
  "CONTROLS.TokenSheet": "Voir la fiche de personnage",
  "CONTROLS.TokenWhileMeasure": "Pendant la mesure de distance",
  "CONTROLS.WallChain": "Placement de mur à la chaîne",
  "CONTROLS.WallSelectChain": "Selectionner mur à la chaîne",

  "ENTITY.Actor": "Personnage",
  "ENTITY.Item": "Item",
  "ENTITY.Scene": "Scène",
  "ENTITY.JournalEntry": "Article de journal",
  "ENTITY.Playlist": "Playlist",
  "ENTITY.Combat": "Rencontre",
  "ENTITY.ChatMessage": "Message pour le tchat",
  "ENTITY.CreateNew": "Création",
  "ENTITY.TypeHint": "Spécifier le type d'entité que vous voulez créer",

  "EULA.Acknowledge": "Description du CLUF ",
  "EULA.Agree": "Accepter le CLUP",
  "EULA.AgreeHint": "J'accepte les points définis dans le CLUF",

  "INVITATIONS.Copied": "Le lien d'invitation a été copié dans le presse-papier",
  "INVITATIONS.Instructions": "Partagez les liens d'invitation ci-dessous avec les utilisateurs que vous souhaitez. Le lien d'invitation local est destiné aux utilisateurs de votre réseau local tandis que le lien Internet se connecte via Internet sur le port configuré.",
  "INVITATIONS.Internet": "Internet",
  "INVITATIONS.Local": "Réseau local",
  "INVITATIONS.Title": "Liens d'invitations à la partie",
  
  "ITEM.Create": "Créer un Item",
  "ITEM.Delete": "Effacer Item",
  "ITEM.Search": "Chercher Items",
  "ITEM.ViewArt": "Voit les Item Images",
  
  "HUD.ToggleVis": "Changer l'état de visibilité",
  "HUD.ToggleLock": "Basculer l'état verrouillé-non verouillé",
  "HUD.ToFront": "Passer au premier plan",
  "HUD.ToBack": "Passer au second plan",

  "JOURNAL.Search": "Chercher dans les articles du Journal",
  "JOURNAL.Create": "Créer un article",
  
  "MENU.Reload": "Recharger",
  "MENU.Logout": "Se déconnecter",
  "MENU.Players": "Configurer les joueurs",
  "MENU.World": "Changer le monde",
  "MENU.Setup": "Menu Accueil",

  "MODMANAGE.Title": "Gérer les modules",
  "MODMANAGE.Instructions": "Utilisez cette fenêtre pour configurer quels modules sont actifs dans votre monde actif. Si vous soumettez des modifications aux modules actifs, la session en cours rechargera.",
  "MODMANAGE.Submit": "Mettre à jour les modules",

  "PLAYERS.Title": "Joueurs",
  "PLAYERS.CharSelect": "Selectionner un Joueur",
  "PLAYERS.ConfigTitle": "Configuration du Joueur",
  "PLAYERS.CharRelease": "Libérer le Joueur",
  "PLAYERS.PlayerColor": "Couleur du Joueur",
  "PLAYERS.SaveConfig": "Sauvegarder la Configuration",

  "PLAYLIST.Create": "Créer une Playlist",
  "PLAYLIST.Delete": "Effacer la Playlist",
  "PLAYLIST.Edit": "Editer la Playlist",
  "PLAYLIST.GlobalVolume": "Contrôle du volume général",
  "PLAYLIST.ModeDisabled": "Soundboard seulement",
  "PLAYLIST.ModeSequential": "Jouer dans l'ordre",
  "PLAYLIST.ModeShuffle": "Pistes jouées aléatoirement",
  "PLAYLIST.ModeSimultaneous": "Jouer en simultané",
  "PLAYLIST.Play": "Jouer la Playlist",
  "PLAYLIST.SoundAdd": "Ajouter une piste",
  "PLAYLIST.SoundEdit": "Editer la piste",
  "PLAYLIST.SoundDelete": "Effacer la piste",
  "PLAYLIST.SoundLoop": "Jouer en boucle",
  "PLAYLIST.SoundPlay": "Jouer la piste",
  "PLAYLIST.SoundVolume": "Volume de la piste",
  "PLAYLIST.SoundStop": "COuper le son de la piste",
  "PLAYLIST.Stop": "Arrêter la Playlist",
  "PLAYLIST.VolPlaylist": "Playlists",
  "PLAYLIST.VolAmbient": "Ambience",
  "PLAYLIST.VolInterface": "Interface",

  "SCENES.Access" : "Accès",
  "SCENES.AccessHint" : "Contrôlez l'autorisation d'accès à cette scène et si elle apparaît dans la barre de navigation.",
  "SCENES.Accessibility" : "Accessibilité",
  "SCENES.AccessibilityGM" : "GM Uniquement",
  "SCENES.AccessibilityAll" : "Tous les Joueurs",
  "SCENES.Activate": "Activer",
  "SCENES.AmbienceAtmosphere" : "Apparence et Atmosphère",
  "SCENES.Appearance": "Apparence",
  "SCENES.AppearanceHint": "Configurez l'image de fond et les dimensions de la scène.",
  "SCENES.BackgroundColor" : "Couleur d'arrière-plan",
  "SCENES.BackgroundImage" : "Image d'arrière-plan",
  "SCENES.Configure": "Configurer",
  "SCENES.FogExplore" : "Exploration du Brouillard",
  "SCENES.FogExploreHint" : "Suivre l'exploration du brouillard dans cette scène, le brouillard de guerre se dissipe durant l'exploration.",
  "SCENES.GlobalIllum" : "Illumination Global",
  "SCENES.GlobalIllumHint" : "Illumine toute la scène, les jetons controlés par un joueur et aillant un champ de vision peuvent alors voir",
  "SCENES.GridColor" : "Couleur de la Grille",
  "SCENES.GridConfig" : "Grille",
  "SCENES.GridConfigHint" : "Configurez les dimensions de la grille, valeur utilisées pour mesurer le mouvement des Tokens de la scène.",
  "SCENES.GridDist" : "Mesure d'un Carreau",
  "SCENES.GridUnits" : "Unité de Mesure",
  "SCENES.GridOpacity" : "Opacité de la Grille",
  "SCENES.GridType" : "Type de Grille",
  "SCENES.GridSize" : "Taille d'un Carreau",
  "SCENES.Height" : "Hauteur",
  "SCENES.LightHeader" : "Éclairage et Vision",
  "SCENES.Notes": "Notes de Scène",
  "SCENES.Pixels" : "pixels",
  "SCENES.Preload": "Précharger",
  "SCENES.SceneName": "Nom de Scène",
  "SCENES.ShowNav" : "Afficher dans la Navigation",
  "SCENES.ShiftHorz" : "Décalage Horizontale",
  "SCENES.ShiftVert" : "Décalage Verticale",
  "SCENES.TokenVision" : "Vision du Token",
  "SCENES.TokenVisionHint" : "Limitez la visibilité dans cette scène en fonction des Tokens contrôlés et de leurs visions.",
  "SCENES.ToggleNav": "Modifier la navigation",
  "SCENES.Units" : "Unitée",
  "SCENES.Width" : "Largeur",
  "SCENES.WeatherEffect" : "Effet Météorologique",
  "SCENES.WeatherEffectHint" : "Ajouter un Effet Météorologique sur la scène.",

  "SETTINGS.Configure": "Configurer les options",
  "SETTINGS.Controls": "Liste des contrôles",
  "SETTINGS.Docs": "Voir la documentation",
  "SETTINGS.Invite": "Lien d'invitation",
  "SETTINGS.Manage": "Gérer les modules",
  "SETTINGS.Title": "Configurer les options de la partie",
  "SETTINGS.Update": "Mettre à jour le logiciel",
  "SETTINGS.Logout": "Déconnexion",
  "SETTINGS.Players": "Configuration des Joueurs",
  "SETTINGS.Reset": "Réinitialiser",
  "SETTINGS.Save": "Sauvegarder",
  "SETTINGS.Setup": "Retours au menu de configuration Mondes & Modules",
  "SETTINGS.SettingsHeader": "Configurations",
  "SETTINGS.DocsHeader": "Aides & Documentations",
  "SETTINGS.InviteHeader": "Invitation et Deconnexion",
  "SETTINGS.Wiki": "Page du Wiki Communautaire",
  "SETTINGS.LangN": "Langue préfèrée",
  "SETTINGS.LangL": "Change le langage utilisé par Foundry Virtual Tabletop.",
  "SETTINGS.TrustUpN": "Autoriser les joueurs de Confiance à upload",
  "SETTINGS.TrustUpL": "Autorise les joueurs ayant la permission Confiance à upload des images ou des fichiers audio dans le dossier public du serveur hôte.",
  "SETTINGS.PDoorN": "Contrôle des portes des joueurs",
  "SETTINGS.PDoorL": "Autoriser les joueurs à intéragir avec les portes. Si cette option est désactivée, les icônes de porte seront visibles pour indiquer qu'une porte est présente, mais seuls les utilisateurs GM pourront les ouvrir ou les fermer.",
  "SETTINGS.CBubN": "Activer les bulles de discussion",
  "SETTINGS.CBubL": "Active ou non les bulles de discussion qui s'afficheront au-dessus des Tokens pour les messages de type in-character et emote.",
  "SETTINGS.SMesgN": "Autoriser les messages secrets",
  "SETTINGS.SMesgL": "Permettre aux joueurs de s'envoyer des messages chuchotés que le GM ne peut pas voir. Si cette option est désactivée, les utilisateurs GM pourront voir le contenu des chuchotements que les joueurs s'envoient entre eux.",
  "SETTINGS.SoftSN": "Activer les ombres douces",
  "SETTINGS.SoftSL": "Active les ombres douces pour un plus bel éclairage dynamique ou désactivez-les pour améliorer les performances sur les machines équipées de matériel bas de gamme.",
  "SETTINGS.CursorN": "Afficher les curseurs des joueurs",
  "SETTINGS.CursorL": "Affiche la position des curseurs de la souris du joueur qui illustrent l'endroit où les utilisateurs connectés regardent sur le Canvas.",
  "SETTINGS.TabCore": "Configuration générale",
  "SETTINGS.TabModule": "Configuration des Modules",
  "SETTINGS.TabSystem": "Configuration du Système de jeu",
  "SETTINGS.NoneCore": "Aucune configuration du core n'a été enregistrée.",
  "SETTINGS.NoneModule": "Aucune configuration de module  n'a été enregistrée.",
  "SETTINGS.NoneSystem": "Aucune configuration de système de jeu n'a été enregistrée.",

  "SETUP.ModuleInstall": "Installer un Module",
  "SETUP.Modules": "Modules complémentaires",
  "SETUP.SystemInstall": "Installer un nouveau système de jeu",
  "SETUP.Systems": "Systèmes de Jeu",
  "SETUP.Title": "Configurations et Paramètres",
  "SETUP.Update": "Mise à jour de FVTT",
  "SETUP.UpdateAll": "Tout mettre à jour",
  "SETUP.UpdateCheck": "Vérifier Màj",
  "SETUP.UpdateCheckFor": "Vérifier les mises à jour",
  "SETUP.UpdateWarning": "Merci de lire attentivement les instructions avant de procéder à la mise à jour du core.",
  "SETUP.UpdateInstructionsP1": "La mise à jour automatique de Foundry Virtual Tabletop est utilisée pour installer une nouvelle version du logiciel de base ( core ) lorsque celles-ci sont disponibles. Cet outil mettra automatiquement à jour votre installation de FoundryVTT si une nouvelle version est disponible. Pour déverrouiller une mise à jour, vous devez fournir une clé d'accès de test valide partagée via Patreon pendant les phases de test bêta.",
  "SETUP.UpdateInstructionsP2": "Tout contenu personnalisé que vous avez créé dans le répertoire public sera préservé pendant le processus de mise à jour, mais la création d'une sauvegarde manuelle du contenu critique (comme vos mondes) est toujours conseillée : pendant les phases de test des bugs occasionnels dans le processus de mise à jour peuvent se produire. Veuillez prendre des précautions concernant tout contenu dont la perte de données pourrait être particulièrement coûteuse.",
  "SETUP.UpdateKey": "Clé de mise à jour",
  "SETUP.UpdateKeyHint": "Fournir une clé de mise à jour pour lancer le processusd.",
  "SETUP.UpdateTitle": "mise à jour du coeur de Foundry VTT",
  "SETUP.Uninstall": "Désinstaller",
  "SETUP.WorldCreate": "Créer un monde",
  "SETUP.WorldEdit": "Modifier",
  "SETUP.WorldLaunch": "Lancer",
  "SETUP.Worlds": "Univers de jeu",

  "SHEETS.EntitySheetHint": "Remplacer avec une feuille de personnage type que vous voulez utiliser pour ce personnage.",
  "SHEETS.TypeSheetHint": "Définissez la feuille de personnage type que vous voulez utiliser pour ce personnage (réservé au MJ).",
  "SHEETS.Save": "Sauver la configuration de la feuille",
  
  "SIDEBAR.CharArt": "Voir l'image du Personnage",
  "SIDEBAR.CollapseToggle": "Réduire ou étendre",
  "SIDEBAR.Delete": "Supprimer",
  "SIDEBAR.DeleteConfirm": "<h3>Confirmer ?</h3><p>Cette entité sera <strong>supprimé définitivement</strong>.</p>",
  "SIDEBAR.Duplicate": "Dupliquer",
  "SIDEBAR.Export": "Exporter Données",

  "FOLDER.Clear": "Vider le Dossier",
  "FOLDER.Color": "Couleur du Dossier",
  "FOLDER.Create": "Créer un Dossier",
  "FOLDER.Collapse": "Réduire tout les dossiers",
  "FOLDER.Delete": "Effacer TOUT",
  "FOLDER.DeleteConfirm": "<h3>Confirmer ?</h3><p>Ce Dossier et tout ce qu'il contient sera <strong>supprimé définitivement</strong> et ne pourra pas être récupéré.</p>",
  "FOLDER.Edit": "Editer le Dossier",
  "FOLDER.Name": "Nom du Dossier",
  "FOLDER.Remove": "Supprimer le Dossier",
  "FOLDER.RemoveConfirm": "<h3>Confirmer ?</h3><p>Ce dossier sera supprimé et son contenu sera déplacé dans un dossier parent.</p>",
  "FOLDER.Update": "Mettre à jour le Dossier",

  "SIDEBAR.Import": "Importer Données",
  "SIDEBAR.Permissions": "Configurer les Droits et Permissions",

  "SIDEBAR.SceneActivate": "Activer la Scène",
  "SIDEBAR.SceneConfig": "Configurer la Scène",
  "SIDEBAR.SceneCreate": "Créer une Scène",
  "SIDEBAR.SceneNav": "Activer la Navigation",
  "SIDEBAR.SceneNotes": "Notes de Scène",
  "SIDEBAR.SceneSearch": "Chercher une Scène",
  "SIDEBAR.TabChat": "Conversation",
  "SIDEBAR.TabCombat": "Combat Tracker",
  "SIDEBAR.TabScenes": "Liste des Scènes",
  "SIDEBAR.TabActors": "Liste des Acteurs",
  "SIDEBAR.TabItems": "Liste des Items",
  "SIDEBAR.TabJournal": "Liste des Journaux",
  "SIDEBAR.TabPlaylists": "Playlists",
  "SIDEBAR.TabTables": "Tables aléatoires",
  "SIDEBAR.TabCompendium": "Compendium",
  "SIDEBAR.TabSettings": "paramétrages",
  "SIDEBAR.TokenArt": "Voir l'image du Token",
  "SIDEBAR.JumpPin": "Aller à l'épingle",

  "TABLE.AnimateSetting": "Animation des tables aléatoires ?",
  "TABLE.AnimateSettingHint": "Lors d'un lancer sur une table aléatoire affiche une animation de style 'roulette'",
  "TABLE.Create": "Créer une Table",
  "TABLE.DisplayRoll": "Afficher le jet dans le tchat?",
  "TABLE.Formula": "Formule du jet de dé",
  "TABLE.Search": "Chercher une table",
  "TABLE.SheetTitle": "Configuration de la table aléatoire",
  "TABLE.Normalize": "Normaliser les poids des résultats",
  "TABLE.Replacement": "Relancer sur toute la table ( sinon retire les résultats précédents ) ?",
  "TABLE.Reset": "Remise à zéro",
  "TABLE.ResultCreate": "Ajouter un nouveau résultat",
  "TABLE.ResultType": "Type de résultat",
  "TABLE.ResultDetails": "Détail du Resultat",
  "TABLE.ResultDelete": "Delete Result",
  "TABLE.ResultWeight": "Poids",
  "TABLE.ResultRange": "Intervalle",
  "TABLE.Roll": "Lancer",
  "TABLE.ToggleDrawn": "Retirer des résultats possibles",
  "TABLE.Update": "Mettre à jour",

  "TOKEN.Assign": "Assigner le Token",
  "TOKEN.CharActor": "Le personnage représenté",
  "TOKEN.CharDisposition": "Disposition du Token",
  "TOKEN.CharInstructions": "Configurer quel personnage est associé avec ce Token.",
  "TOKEN.CharLink": "Lié au personnage",
  "TOKEN.CharNameplate": "Plaque d'identification",
  "TOKEN.CharShowNameplate": "Montrer la plaque d'identification",
  "TOKEN.ImageAlts": "Alterner les Tokens du personnage",
  "TOKEN.ImageInstructions": "Configurer l'image du Token, sa taille ainsi que son échelle.",
  "TOKEN.ImagePath": "Chemin de l'image du Token",
  "TOKEN.PositionInstructions": "Configurer la position, l'orientation et l'élévation du Token",
  "TOKEN.PositionLock": "Verrouiller la rotation",
  "TOKEN.RandomImg": "Randomiser les images Wildcard",
  "TOKEN.ResourceInstructions": "Configurer les barres de ressources suivies pour le Token.",
  "TOKEN.ResourceBar1A": "Attribut de la barre 1",
  "TOKEN.ResourceBar1D": "Valeur de la barre 1",
  "TOKEN.ResourceBar2A": "Attribut de la barre 2",
  "TOKEN.ResourceBar2D": "Valeur de la barre 2",
  "TOKEN.ResourceDisplay": "Afficher les barres",
  "TOKEN.Title": "Configuration du Token",
  "TOKEN.TitlePrototype": "Prototype de configuration des Tokens",
  "TOKEN.Update": "Mettre à jour le Token",
  "TOKEN.VisionInstructions": "Configurer la vision et l'émission de lumière de ce Token.",
  "TOKEN.VisionHas": "à la vision",
  "TOKEN.VisionBrightDist": "Vision Personelle Vive",
  "TOKEN.VisionBrightEmit": "Lumière Vive",
  "TOKEN.VisionDimDist": "Vision Personelle",
  "TOKEN.VisionDimEmit": "Lumière",
  "TOKEN.VisionLightAngle": "Emission Angle",
  "TOKEN.VisionSightAngle": "Sight Angle",
  "TOKEN.HOSTILE": "Hostile",
  "TOKEN.NEUTRAL": "Neutre",
  "TOKEN.FRIENDLY": "Amicale",
  
  "WALLS.Title": "Configuration du Mur",
  "WALLS.TitleMany": "Configuration des Murs[Multiple]",
  "WALLS.Instructions": "Configurer comment se mur restreint le mouvement ou la vue",
  "WALLS.Coordinates": "Coordonnées du Mur",
  "WALLS.Movement": "Restriction de Mouvements",
  "WALLS.Senses": "Restrictions de Perceptions",
  "WALLS.Direction": "Direction du Mur",
  "WALLS.Door": "C'est une porte ?",
  "WALLS.DoorState": "Etat de la Porte",
  "WALLS.Submit": "Mettre a Jour le Mur",
  
  "WORLD.DetailTab": "Details du monde",
  "WORLD.DescTab": "Description du Monde" 
}
